Imagen;Ship/No-Ship
ns-001.jpg;0
ns-002.jpg;0
ns-003.jpg;0
ns-004.jpg;0
ns-005.jpg;0
ns-006.jpg;0
ns-007.jpg;0
ns-008.jpg;0
ns-009.jpg;0
ns-010.jpg;0
ns-011.jpg;0
ns-012.jpg;0
ns-013.jpg;0
ns-014.jpg;0
ns-015.jpg;0
ns-016.jpg;0
ns-017.jpg;0
ns-018.jpg;0
ns-019.jpg;0
ns-020.jpg;0
ns-021.jpg;0
ns-022.jpg;0
ns-023.jpg;0
ns-024.jpg;0
ns-025.jpg;0
ns-026.jpg;0
ns-027.jpg;0
ns-028.jpg;0
ns-029.jpg;0
ns-030.jpg;0
ns-031.jpg;0
ns-032.jpg;0
ns-033.jpg;0
ns-034.jpg;0
ns-035.jpg;0
ns-036.jpg;0
ns-037.jpg;0
ns-038.jpg;0
ns-039.jpg;0
ns-040.jpg;0
ns-041.jpg;0
ns-042.jpg;0
ns-043.jpg;0
ns-044.jpg;0
ns-045.jpg;0
ns-046.jpg;0
ns-047.jpg;0
ns-048.jpg;0
ns-049.jpg;0
ns-050.jpg;0
ns-051.jpg;0
ns-052.jpg;0
ns-053.jpg;0
ns-054.jpg;0
ns-055.jpg;0
ns-056.jpg;0
ns-057.jpg;0
ns-058.jpg;0
ns-059.jpg;0
ns-060.jpg;0
ns-061.jpg;0
ns-062.jpg;0
ns-063.jpg;0
ns-064.jpg;0
ns-065.jpg;0
ns-066.jpg;0
ns-067.jpg;0
ns-068.jpg;0
ns-069.jpg;0
ns-070.jpg;0
ns-071.jpg;0
ns-072.jpg;0
ns-073.jpg;0
ns-074.jpg;0
ns-075.jpg;0
ns-076.jpg;0
ns-077.jpg;0
ns-078.jpg;0
ns-079.jpg;0
ns-080.jpg;0
ns-081.jpg;0
ns-082.jpg;0
ns-083.jpg;0
ns-084.jpg;0
ns-085.jpg;0
ns-086.jpg;0
ns-087.jpg;0
ns-088.jpg;0
ns-089.jpg;0
ns-090.jpg;0
ns-091.jpg;0
ns-092.jpg;0
ns-093.jpg;0
ns-094.jpg;0
ns-095.jpg;0
ns-096.jpg;0
ns-097.jpg;0
ns-098.jpg;0
ns-099.jpg;0
ns-100.jpg;0
ns-101.jpg;0
ns-102.jpg;0
ns-103.jpg;0
ns-104.jpg;0
ns-105.png;0
ns-106.png;0
ns-107.png;0
ns-108.png;0
ns-109.png;0
ns-110.png;0
s-001-docked.jpg;1
s-002-docked.jpg;1
s-003-docked.jpg;1
s-004-docked.jpg;1
s-005-docked.jpg;1
s-006-docked.jpg;1
s-007-docked.jpg;1
s-008-docked.jpg;1
s-009-docked.jpg;1
s-010-docked.jpg;1
s-011-docked.jpg;1
s-012-docked.jpg;1
s-013-docked.jpg;1
s-014-docked.jpg;1
s-015-docked.jpg;1
s-016-docked.jpg;1
s-017-docked.jpg;1
s-018-docked.jpg;1
s-019-docked.jpg;1
s-020-docked.jpg;1
s-021-docked.jpg;1
s-022-docked.jpg;1
s-023-docked.jpg;1
s-024-docked.jpg;1
s-025-docked.jpg;1
s-026-docked.jpg;1
s-027-docked.jpg;1
s-028-docked.jpg;1
s-029-docked.jpg;1
s-030-docked.jpg;1
s-031-docked.jpg;1
s-032-docked.jpg;1
s-033-docked.jpg;1
s-034-docked.jpg;1
s-035-docked.jpg;1
s-036-docked.jpg;1
s-037-docked.jpg;1
s-038-docked.jpg;1
s-039-docked.jpg;1
s-040-docked.jpg;1
s-041-docked.jpg;1
s-042-docked.jpg;1
s-043-docked.jpg;1
s-044-docked.jpg;1
s-045-docked.jpg;1
s-046-docked.jpg;1
s-047-docked.jpg;1
s-048-docked.jpg;1
s-049-docked.jpg;1
s-050-docked.jpg;1
s-051-docked.jpg;1
s-052-docked.jpg;1
s-053-docked.jpg;1
s-054-docked.jpg;1
s-055-docked.jpg;1
s-056-docked.jpg;1
s-057-docked.jpg;1
s-058-docked.jpg;1
s-059-docked.jpg;1
s-060-docked.jpg;1
s-061-docked.jpg;1
s-062-docked.jpg;1
s-063-docked.jpg;1
s-064-undocked.png;1
s-065-undocked.png;1
s-066-undocked.png;1
s-067-undocked.png;1
s-068-undocked.png;1
s-069-undocked.png;1
s-070-docked.png;1
s-071-docked.png;1
s-072-undocked.png;1
s-073-docked.png;1
s-074-docked.png;1
s-075-docked.png;1
s-076-docked.png;1
s-077-docked.png;1
s-078-docked.png;1
s-079-docked.png;1
s-080-undocked.png;1
s-081-undocked.png;1
s-082-docked.png;1
s-083-undocked.png;1
s-084-undocked.png;1
s-085-undocked.png;1
s-086-docked.png;1
s-087-undocked.png;1
s-088-undocked.png;1
s-089-docked.png;1
s-090-undocked.png;1
s-091-undocked.png;1
s-092-docked.png;1
s-093-undocked.png;1
s-094-undocked.png;1
s-095-docked.png;1
s-096-undocked.png;1
s-097-undocked.png;1
s-098-undocked.png;1
s-099-undocked.png;1
s-100-undocked.png;1
s-101-docked.png;1
s-102-undocked.png;1
s-103-undocked.png;1
s-104-undocked.png;1
s-105-undocked.png;1
s-106-docked.png;1
s-107-undocked.png;1
s-108-undocked.png;1
s-109-undocked.png;1
s-110-undocked.png;1
s-111-docked.png;1
s-112-undocked.png;1
s-113-undocked.png;1
s-114-undocked.png;1
s-115-docked.png;1
s-116-undocked.png;1
s-117-undocked.png;1
s-118-undocked.png;1
s-119-undocked.png;1
s-120-docked.png;1
s-121-undocked.png;1
s-122-undocked.png;1
s-123-undocked.png;1
s-124-undocked.png;1
s-125-undocked.png;1
s-126-undocked.png;1
s-127-docked.png;1
s-128-undocked.png;1
s-129-undocked.png;1
s-130-docked.png;1
s-131-undocked.png;1
s-132-undocked.png;1
s-133-undocked.png;1
s-134-undocked.png;1
s-135-docked.png;1
s-136-undocked.png;1
s-137-undocked.png;1
s-138-undocked.png;1
s-139-docked.png;1
s-140-undocked.png;1
s-141-undocked.png;1
s-142-undocked.png;1
s-143-undocked.png;1
s-144-undocked.png;1
s-145-docked.png;1
s-146-undocked.png;1
s-147-undocked.png;1
s-148-undocked.png;1
s-149-undocked.png;1
s-150-undocked.png;1
s-151-docked.png;1
s-152-undocked.png;1
s-153-undocked.png;1
s-154-undocked.png;1
s-155-undocked.png;1
s-156-undocked.png;1
s-157-undocked.png;1
s-158-undocked.png;1
s-159-undocked.png;1
s-160-undocked.png;1
s-161-undocked.png;1
s-162-undocked.png;1
s-163-undocked.png;1
s-164-docked.png;1
s-165-undocked.png;1
s-166-undocked.png;1
s-167-undocked.png;1
s-168-undocked.png;1
s-169-undocked.png;1
s-170-undocked.png;1
s-171-docked.png;1
s-172-undocked.png;1
s-173-undocked.png;1
s-174-undocked.png;1
s-175-undocked.png;1
s-176-undocked.png;1
s-177-docked.png;1
s-178-undocked.png;1
s-179-undocked.png;1
s-180-undocked.png;1
s-181-docked.png;1
s-182-undocked.png;1
s-183-undocked.png;1
s-184-undocked.png;1
